lat,long
42.874211,-70.947749
42.874211,-70.899082
42.838175,-70.996416
42.838175,-70.947749
42.838175,-70.899082
42.838175,-70.850415
42.802139,-71.142417
42.802139,-71.09375
42.802139,-71.045083
42.802139,-70.996416
42.802139,-70.947749
42.802139,-70.899082
42.766103,-71.142417
42.766103,-71.09375
42.766103,-71.045083
42.766103,-70.996416
42.766103,-70.947749
42.766103,-70.899082
42.766103,-70.850415
42.766103,-70.801748
42.730067,-73.235098
42.730067,-73.186431
42.730067,-73.137764
42.730067,-73.089097
42.730067,-73.04043
42.730067,-72.991763
42.730067,-72.943096
42.730067,-72.894429
42.730067,-72.845762
42.730067,-72.797095
42.730067,-72.748428
42.730067,-72.699761
42.730067,-72.651094
42.730067,-71.239751
42.730067,-71.191084
42.730067,-71.142417
42.730067,-71.09375
42.730067,-71.045083
42.730067,-70.996416
42.730067,-70.947749
42.730067,-70.899082
42.730067,-70.850415
42.730067,-70.801748
42.694031,-73.235098
42.694031,-73.186431
42.694031,-73.137764
42.694031,-73.089097
42.694031,-73.04043
42.694031,-72.991763
42.694031,-72.943096
42.694031,-72.894429
42.694031,-72.845762
42.694031,-72.797095
42.694031,-72.748428
42.694031,-72.699761
42.694031,-72.651094
42.694031,-72.602427
42.694031,-72.55376
42.694031,-72.505093
42.694031,-72.456426
42.694031,-72.407759
42.694031,-72.359092
42.694031,-72.310425
42.694031,-72.261758
42.694031,-72.213091
42.694031,-72.164424
42.694031,-72.115757
42.694031,-72.06709
42.694031,-72.018423
42.694031,-71.969756
42.694031,-71.921089
42.694031,-71.872422
42.694031,-71.823755
42.694031,-71.775088
42.694031,-71.726421
42.694031,-71.677754
42.694031,-71.629087
42.694031,-71.58042
42.694031,-71.531753
42.694031,-71.483086
42.694031,-71.434419
42.694031,-71.385752
42.694031,-71.337085
42.694031,-71.288418
42.694031,-71.239751
42.694031,-71.191084
42.694031,-71.142417
42.694031,-71.09375
42.694031,-71.045083
42.694031,-70.996416
42.694031,-70.947749
42.694031,-70.899082
42.694031,-70.850415
42.657995,-73.283765
42.657995,-73.235098
42.657995,-73.186431
42.657995,-73.137764
42.657995,-73.089097
42.657995,-73.04043
42.657995,-72.991763
42.657995,-72.943096
42.657995,-72.894429
42.657995,-72.845762
42.657995,-72.797095
42.657995,-72.748428
42.657995,-72.699761
42.657995,-72.651094
42.657995,-72.602427
42.657995,-72.55376
42.657995,-72.505093
42.657995,-72.456426
42.657995,-72.407759
42.657995,-72.359092
42.657995,-72.310425
42.657995,-72.261758
42.657995,-72.213091
42.657995,-72.164424
42.657995,-72.115757
42.657995,-72.06709
42.657995,-72.018423
42.657995,-71.969756
42.657995,-71.921089
42.657995,-71.872422
42.657995,-71.823755
42.657995,-71.775088
42.657995,-71.726421
42.657995,-71.677754
42.657995,-71.629087
42.657995,-71.58042
42.657995,-71.531753
42.657995,-71.483086
42.657995,-71.434419
42.657995,-71.385752
42.657995,-71.337085
42.657995,-71.288418
42.657995,-71.239751
42.657995,-71.191084
42.657995,-71.142417
42.657995,-71.09375
42.657995,-71.045083
42.657995,-70.996416
42.657995,-70.947749
42.657995,-70.899082
42.657995,-70.850415
42.657995,-70.801748
42.657995,-70.655747
42.621959,-73.283765
42.621959,-73.235098
42.621959,-73.186431
42.621959,-73.137764
42.621959,-73.089097
42.621959,-73.04043
42.621959,-72.991763
42.621959,-72.943096
42.621959,-72.894429
42.621959,-72.845762
42.621959,-72.797095
42.621959,-72.748428
42.621959,-72.699761
42.621959,-72.651094
42.621959,-72.602427
42.621959,-72.55376
42.621959,-72.505093
42.621959,-72.456426
42.621959,-72.407759
42.621959,-72.359092
42.621959,-72.310425
42.621959,-72.261758
42.621959,-72.213091
42.621959,-72.164424
42.621959,-72.115757
42.621959,-72.06709
42.621959,-72.018423
42.621959,-71.969756
42.621959,-71.921089
42.621959,-71.872422
42.621959,-71.823755
42.621959,-71.775088
42.621959,-71.726421
42.621959,-71.677754
42.621959,-71.629087
42.621959,-71.58042
42.621959,-71.531753
42.621959,-71.483086
42.621959,-71.434419
42.621959,-71.385752
42.621959,-71.337085
42.621959,-71.288418
42.621959,-71.239751
42.621959,-71.191084
42.621959,-71.142417
42.621959,-71.09375
42.621959,-71.045083
42.621959,-70.996416
42.621959,-70.947749
42.621959,-70.899082
42.621959,-70.850415
42.621959,-70.801748
42.621959,-70.753081
42.621959,-70.704414
42.621959,-70.655747
42.585923,-73.283765
42.585923,-73.235098
42.585923,-73.186431
42.585923,-73.137764
42.585923,-73.089097
42.585923,-73.04043
42.585923,-72.991763
42.585923,-72.943096
42.585923,-72.894429
42.585923,-72.845762
42.585923,-72.797095
42.585923,-72.748428
42.585923,-72.699761
42.585923,-72.651094
42.585923,-72.602427
42.585923,-72.55376
42.585923,-72.505093
42.585923,-72.456426
42.585923,-72.407759
42.585923,-72.359092
42.585923,-72.310425
42.585923,-72.261758
42.585923,-72.213091
42.585923,-72.164424
42.585923,-72.115757
42.585923,-72.06709
42.585923,-72.018423
42.585923,-71.969756
42.585923,-71.921089
42.585923,-71.872422
42.585923,-71.823755
42.585923,-71.775088
42.585923,-71.726421
42.585923,-71.677754
42.585923,-71.629087
42.585923,-71.58042
42.585923,-71.531753
42.585923,-71.483086
42.585923,-71.434419
42.585923,-71.385752
42.585923,-71.337085
42.585923,-71.288418
42.585923,-71.239751
42.585923,-71.191084
42.585923,-71.142417
42.585923,-71.09375
42.585923,-71.045083
42.585923,-70.996416
42.585923,-70.947749
42.585923,-70.899082
42.585923,-70.850415
42.585923,-70.801748
42.585923,-70.753081
42.585923,-70.704414
42.585923,-70.655747
42.549887,-73.332432
42.549887,-73.283765
42.549887,-73.235098
42.549887,-73.186431
42.549887,-73.137764
42.549887,-73.089097
42.549887,-73.04043
42.549887,-72.991763
42.549887,-72.943096
42.549887,-72.894429
42.549887,-72.845762
42.549887,-72.797095
42.549887,-72.748428
42.549887,-72.699761
42.549887,-72.651094
42.549887,-72.602427
42.549887,-72.55376
42.549887,-72.505093
42.549887,-72.456426
42.549887,-72.407759
42.549887,-72.359092
42.549887,-72.310425
42.549887,-72.261758
42.549887,-72.213091
42.549887,-72.164424
42.549887,-72.115757
42.549887,-72.06709
42.549887,-72.018423
42.549887,-71.969756
42.549887,-71.921089
42.549887,-71.872422
42.549887,-71.823755
42.549887,-71.775088
42.549887,-71.726421
42.549887,-71.677754
42.549887,-71.629087
42.549887,-71.58042
42.549887,-71.531753
42.549887,-71.483086
42.549887,-71.434419
42.549887,-71.385752
42.549887,-71.337085
42.549887,-71.288418
42.549887,-71.239751
42.549887,-71.191084
42.549887,-71.142417
42.549887,-71.09375
42.549887,-71.045083
42.549887,-70.996416
42.549887,-70.947749
42.549887,-70.899082
42.549887,-70.850415
42.549887,-70.801748
42.513851,-73.332432
42.513851,-73.283765
42.513851,-73.235098
42.513851,-73.186431
42.513851,-73.137764
42.513851,-73.089097
42.513851,-73.04043
42.513851,-72.991763
42.513851,-72.943096
42.513851,-72.894429
42.513851,-72.845762
42.513851,-72.797095
42.513851,-72.748428
42.513851,-72.699761
42.513851,-72.651094
42.513851,-72.602427
42.513851,-72.55376
42.513851,-72.505093
42.513851,-72.456426
42.513851,-72.407759
42.513851,-72.359092
42.513851,-72.310425
42.513851,-72.261758
42.513851,-72.213091
42.513851,-72.164424
42.513851,-72.115757
42.513851,-72.06709
42.513851,-72.018423
42.513851,-71.969756
42.513851,-71.921089
42.513851,-71.872422
42.513851,-71.823755
42.513851,-71.775088
42.513851,-71.726421
42.513851,-71.677754
42.513851,-71.629087
42.513851,-71.58042
42.513851,-71.531753
42.513851,-71.483086
42.513851,-71.434419
42.513851,-71.385752
42.513851,-71.337085
42.513851,-71.288418
42.513851,-71.239751
42.513851,-71.191084
42.513851,-71.142417
42.513851,-71.09375
42.513851,-71.045083
42.513851,-70.996416
42.513851,-70.947749
42.513851,-70.899082
42.477815,-73.332432
42.477815,-73.283765
42.477815,-73.235098
42.477815,-73.186431
42.477815,-73.137764
42.477815,-73.089097
42.477815,-73.04043
42.477815,-72.991763
42.477815,-72.943096
42.477815,-72.894429
42.477815,-72.845762
42.477815,-72.797095
42.477815,-72.748428
42.477815,-72.699761
42.477815,-72.651094
42.477815,-72.602427
42.477815,-72.55376
42.477815,-72.505093
42.477815,-72.456426
42.477815,-72.407759
42.477815,-72.359092
42.477815,-72.310425
42.477815,-72.261758
42.477815,-72.213091
42.477815,-72.164424
42.477815,-72.115757
42.477815,-72.06709
42.477815,-72.018423
42.477815,-71.969756
42.477815,-71.921089
42.477815,-71.872422
42.477815,-71.823755
42.477815,-71.775088
42.477815,-71.726421
42.477815,-71.677754
42.477815,-71.629087
42.477815,-71.58042
42.477815,-71.531753
42.477815,-71.483086
42.477815,-71.434419
42.477815,-71.385752
42.477815,-71.337085
42.477815,-71.288418
42.477815,-71.239751
42.477815,-71.191084
42.477815,-71.142417
42.477815,-71.09375
42.477815,-71.045083
42.477815,-70.996416
42.477815,-70.947749
42.477815,-70.899082
42.441779,-73.332432
42.441779,-73.283765
42.441779,-73.235098
42.441779,-73.186431
42.441779,-73.137764
42.441779,-73.089097
42.441779,-73.04043
42.441779,-72.991763
42.441779,-72.943096
42.441779,-72.894429
42.441779,-72.845762
42.441779,-72.797095
42.441779,-72.748428
42.441779,-72.699761
42.441779,-72.651094
42.441779,-72.602427
42.441779,-72.55376
42.441779,-72.505093
42.441779,-72.456426
42.441779,-72.407759
42.441779,-72.359092
42.441779,-72.310425
42.441779,-72.261758
42.441779,-72.213091
42.441779,-72.164424
42.441779,-72.115757
42.441779,-72.06709
42.441779,-72.018423
42.441779,-71.969756
42.441779,-71.921089
42.441779,-71.872422
42.441779,-71.823755
42.441779,-71.775088
42.441779,-71.726421
42.441779,-71.677754
42.441779,-71.629087
42.441779,-71.58042
42.441779,-71.531753
42.441779,-71.483086
42.441779,-71.434419
42.441779,-71.385752
42.441779,-71.337085
42.441779,-71.288418
42.441779,-71.239751
42.441779,-71.191084
42.441779,-71.142417
42.441779,-71.09375
42.441779,-71.045083
42.441779,-70.996416
42.441779,-70.947749
42.405743,-73.381099
42.405743,-73.332432
42.405743,-73.283765
42.405743,-73.235098
42.405743,-73.186431
42.405743,-73.137764
42.405743,-73.089097
42.405743,-73.04043
42.405743,-72.991763
42.405743,-72.943096
42.405743,-72.894429
42.405743,-72.845762
42.405743,-72.797095
42.405743,-72.748428
42.405743,-72.699761
42.405743,-72.651094
42.405743,-72.602427
42.405743,-72.55376
42.405743,-72.505093
42.405743,-72.456426
42.405743,-72.407759
42.405743,-72.359092
42.405743,-72.310425
42.405743,-72.261758
42.405743,-72.213091
42.405743,-72.164424
42.405743,-72.115757
42.405743,-72.06709
42.405743,-72.018423
42.405743,-71.969756
42.405743,-71.921089
42.405743,-71.872422
42.405743,-71.823755
42.405743,-71.775088
42.405743,-71.726421
42.405743,-71.677754
42.405743,-71.629087
42.405743,-71.58042
42.405743,-71.531753
42.405743,-71.483086
42.405743,-71.434419
42.405743,-71.385752
42.405743,-71.337085
42.405743,-71.288418
42.405743,-71.239751
42.405743,-71.191084
42.405743,-71.142417
42.405743,-71.09375
42.405743,-71.045083
42.405743,-70.996416
42.369707,-73.381099
42.369707,-73.332432
42.369707,-73.283765
42.369707,-73.235098
42.369707,-73.186431
42.369707,-73.137764
42.369707,-73.089097
42.369707,-73.04043
42.369707,-72.991763
42.369707,-72.943096
42.369707,-72.894429
42.369707,-72.845762
42.369707,-72.797095
42.369707,-72.748428
42.369707,-72.699761
42.369707,-72.651094
42.369707,-72.602427
42.369707,-72.55376
42.369707,-72.505093
42.369707,-72.456426
42.369707,-72.407759
42.369707,-72.359092
42.369707,-72.310425
42.369707,-72.261758
42.369707,-72.213091
42.369707,-72.164424
42.369707,-72.115757
42.369707,-72.06709
42.369707,-72.018423
42.369707,-71.969756
42.369707,-71.921089
42.369707,-71.872422
42.369707,-71.823755
42.369707,-71.775088
42.369707,-71.726421
42.369707,-71.677754
42.369707,-71.629087
42.369707,-71.58042
42.369707,-71.531753
42.369707,-71.483086
42.369707,-71.434419
42.369707,-71.385752
42.369707,-71.337085
42.369707,-71.288418
42.369707,-71.239751
42.369707,-71.191084
42.369707,-71.142417
42.369707,-71.09375
42.369707,-71.045083
42.333671,-73.381099
42.333671,-73.332432
42.333671,-73.283765
42.333671,-73.235098
42.333671,-73.186431
42.333671,-73.137764
42.333671,-73.089097
42.333671,-73.04043
42.333671,-72.991763
42.333671,-72.943096
42.333671,-72.894429
42.333671,-72.845762
42.333671,-72.797095
42.333671,-72.748428
42.333671,-72.699761
42.333671,-72.651094
42.333671,-72.602427
42.333671,-72.55376
42.333671,-72.505093
42.333671,-72.456426
42.333671,-72.407759
42.333671,-72.359092
42.333671,-72.310425
42.333671,-72.261758
42.333671,-72.213091
42.333671,-72.164424
42.333671,-72.115757
42.333671,-72.06709
42.333671,-72.018423
42.333671,-71.969756
42.333671,-71.921089
42.333671,-71.872422
42.333671,-71.823755
42.333671,-71.775088
42.333671,-71.726421
42.333671,-71.677754
42.333671,-71.629087
42.333671,-71.58042
42.333671,-71.531753
42.333671,-71.483086
42.333671,-71.434419
42.333671,-71.385752
42.333671,-71.337085
42.333671,-71.288418
42.333671,-71.239751
42.333671,-71.191084
42.333671,-71.142417
42.333671,-71.09375
42.333671,-71.045083
42.297635,-73.381099
42.297635,-73.332432
42.297635,-73.283765
42.297635,-73.235098
42.297635,-73.186431
42.297635,-73.137764
42.297635,-73.089097
42.297635,-73.04043
42.297635,-72.991763
42.297635,-72.943096
42.297635,-72.894429
42.297635,-72.845762
42.297635,-72.797095
42.297635,-72.748428
42.297635,-72.699761
42.297635,-72.651094
42.297635,-72.602427
42.297635,-72.55376
42.297635,-72.505093
42.297635,-72.456426
42.297635,-72.407759
42.297635,-72.359092
42.297635,-72.310425
42.297635,-72.261758
42.297635,-72.213091
42.297635,-72.164424
42.297635,-72.115757
42.297635,-72.06709
42.297635,-72.018423
42.297635,-71.969756
42.297635,-71.921089
42.297635,-71.872422
42.297635,-71.823755
42.297635,-71.775088
42.297635,-71.726421
42.297635,-71.677754
42.297635,-71.629087
42.297635,-71.58042
42.297635,-71.531753
42.297635,-71.483086
42.297635,-71.434419
42.297635,-71.385752
42.297635,-71.337085
42.297635,-71.288418
42.297635,-71.239751
42.297635,-71.191084
42.297635,-71.142417
42.297635,-71.09375
42.297635,-71.045083
42.297635,-70.899082
42.261599,-73.429766
42.261599,-73.381099
42.261599,-73.332432
42.261599,-73.283765
42.261599,-73.235098
42.261599,-73.186431
42.261599,-73.137764
42.261599,-73.089097
42.261599,-73.04043
42.261599,-72.991763
42.261599,-72.943096
42.261599,-72.894429
42.261599,-72.845762
42.261599,-72.797095
42.261599,-72.748428
42.261599,-72.699761
42.261599,-72.651094
42.261599,-72.602427
42.261599,-72.55376
42.261599,-72.505093
42.261599,-72.456426
42.261599,-72.407759
42.261599,-72.359092
42.261599,-72.310425
42.261599,-72.261758
42.261599,-72.213091
42.261599,-72.164424
42.261599,-72.115757
42.261599,-72.06709
42.261599,-72.018423
42.261599,-71.969756
42.261599,-71.921089
42.261599,-71.872422
42.261599,-71.823755
42.261599,-71.775088
42.261599,-71.726421
42.261599,-71.677754
42.261599,-71.629087
42.261599,-71.58042
42.261599,-71.531753
42.261599,-71.483086
42.261599,-71.434419
42.261599,-71.385752
42.261599,-71.337085
42.261599,-71.288418
42.261599,-71.239751
42.261599,-71.191084
42.261599,-71.142417
42.261599,-71.09375
42.261599,-71.045083
42.261599,-70.996416
42.261599,-70.850415
42.225563,-73.429766
42.225563,-73.381099
42.225563,-73.332432
42.225563,-73.283765
42.225563,-73.235098
42.225563,-73.186431
42.225563,-73.137764
42.225563,-73.089097
42.225563,-73.04043
42.225563,-72.991763
42.225563,-72.943096
42.225563,-72.894429
42.225563,-72.845762
42.225563,-72.797095
42.225563,-72.748428
42.225563,-72.699761
42.225563,-72.651094
42.225563,-72.602427
42.225563,-72.55376
42.225563,-72.505093
42.225563,-72.456426
42.225563,-72.407759
42.225563,-72.359092
42.225563,-72.310425
42.225563,-72.261758
42.225563,-72.213091
42.225563,-72.164424
42.225563,-72.115757
42.225563,-72.06709
42.225563,-72.018423
42.225563,-71.969756
42.225563,-71.921089
42.225563,-71.872422
42.225563,-71.823755
42.225563,-71.775088
42.225563,-71.726421
42.225563,-71.677754
42.225563,-71.629087
42.225563,-71.58042
42.225563,-71.531753
42.225563,-71.483086
42.225563,-71.434419
42.225563,-71.385752
42.225563,-71.337085
42.225563,-71.288418
42.225563,-71.239751
42.225563,-71.191084
42.225563,-71.142417
42.225563,-71.09375
42.225563,-71.045083
42.225563,-70.996416
42.225563,-70.947749
42.225563,-70.899082
42.225563,-70.850415
42.225563,-70.801748
42.225563,-70.753081
42.189527,-73.429766
42.189527,-73.381099
42.189527,-73.332432
42.189527,-73.283765
42.189527,-73.235098
42.189527,-73.186431
42.189527,-73.137764
42.189527,-73.089097
42.189527,-73.04043
42.189527,-72.991763
42.189527,-72.943096
42.189527,-72.894429
42.189527,-72.845762
42.189527,-72.797095
42.189527,-72.748428
42.189527,-72.699761
42.189527,-72.651094
42.189527,-72.602427
42.189527,-72.55376
42.189527,-72.505093
42.189527,-72.456426
42.189527,-72.407759
42.189527,-72.359092
42.189527,-72.310425
42.189527,-72.261758
42.189527,-72.213091
42.189527,-72.164424
42.189527,-72.115757
42.189527,-72.06709
42.189527,-72.018423
42.189527,-71.969756
42.189527,-71.921089
42.189527,-71.872422
42.189527,-71.823755
42.189527,-71.775088
42.189527,-71.726421
42.189527,-71.677754
42.189527,-71.629087
42.189527,-71.58042
42.189527,-71.531753
42.189527,-71.483086
42.189527,-71.434419
42.189527,-71.385752
42.189527,-71.337085
42.189527,-71.288418
42.189527,-71.239751
42.189527,-71.191084
42.189527,-71.142417
42.189527,-71.09375
42.189527,-71.045083
42.189527,-70.996416
42.189527,-70.947749
42.189527,-70.899082
42.189527,-70.850415
42.189527,-70.801748
42.189527,-70.753081
42.153491,-73.429766
42.153491,-73.381099
42.153491,-73.332432
42.153491,-73.283765
42.153491,-73.235098
42.153491,-73.186431
42.153491,-73.137764
42.153491,-73.089097
42.153491,-73.04043
42.153491,-72.991763
42.153491,-72.943096
42.153491,-72.894429
42.153491,-72.845762
42.153491,-72.797095
42.153491,-72.748428
42.153491,-72.699761
42.153491,-72.651094
42.153491,-72.602427
42.153491,-72.55376
42.153491,-72.505093
42.153491,-72.456426
42.153491,-72.407759
42.153491,-72.359092
42.153491,-72.310425
42.153491,-72.261758
42.153491,-72.213091
42.153491,-72.164424
42.153491,-72.115757
42.153491,-72.06709
42.153491,-72.018423
42.153491,-71.969756
42.153491,-71.921089
42.153491,-71.872422
42.153491,-71.823755
42.153491,-71.775088
42.153491,-71.726421
42.153491,-71.677754
42.153491,-71.629087
42.153491,-71.58042
42.153491,-71.531753
42.153491,-71.483086
42.153491,-71.434419
42.153491,-71.385752
42.153491,-71.337085
42.153491,-71.288418
42.153491,-71.239751
42.153491,-71.191084
42.153491,-71.142417
42.153491,-71.09375
42.153491,-71.045083
42.153491,-70.996416
42.153491,-70.947749
42.153491,-70.899082
42.153491,-70.850415
42.153491,-70.801748
42.153491,-70.753081
42.153491,-70.704414
42.117455,-73.478433
42.117455,-73.429766
42.117455,-73.381099
42.117455,-73.332432
42.117455,-73.283765
42.117455,-73.235098
42.117455,-73.186431
42.117455,-73.137764
42.117455,-73.089097
42.117455,-73.04043
42.117455,-72.991763
42.117455,-72.943096
42.117455,-72.894429
42.117455,-72.845762
42.117455,-72.797095
42.117455,-72.748428
42.117455,-72.699761
42.117455,-72.651094
42.117455,-72.602427
42.117455,-72.55376
42.117455,-72.505093
42.117455,-72.456426
42.117455,-72.407759
42.117455,-72.359092
42.117455,-72.310425
42.117455,-72.261758
42.117455,-72.213091
42.117455,-72.164424
42.117455,-72.115757
42.117455,-72.06709
42.117455,-72.018423
42.117455,-71.969756
42.117455,-71.921089
42.117455,-71.872422
42.117455,-71.823755
42.117455,-71.775088
42.117455,-71.726421
42.117455,-71.677754
42.117455,-71.629087
42.117455,-71.58042
42.117455,-71.531753
42.117455,-71.483086
42.117455,-71.434419
42.117455,-71.385752
42.117455,-71.337085
42.117455,-71.288418
42.117455,-71.239751
42.117455,-71.191084
42.117455,-71.142417
42.117455,-71.09375
42.117455,-71.045083
42.117455,-70.996416
42.117455,-70.947749
42.117455,-70.899082
42.117455,-70.850415
42.117455,-70.801748
42.117455,-70.753081
42.117455,-70.704414
42.081419,-73.478433
42.081419,-73.429766
42.081419,-73.381099
42.081419,-73.332432
42.081419,-73.283765
42.081419,-73.235098
42.081419,-73.186431
42.081419,-73.137764
42.081419,-73.089097
42.081419,-73.04043
42.081419,-72.991763
42.081419,-72.943096
42.081419,-72.894429
42.081419,-72.845762
42.081419,-72.797095
42.081419,-72.748428
42.081419,-72.699761
42.081419,-72.651094
42.081419,-72.602427
42.081419,-72.55376
42.081419,-72.505093
42.081419,-72.456426
42.081419,-72.407759
42.081419,-72.359092
42.081419,-72.310425
42.081419,-72.261758
42.081419,-72.213091
42.081419,-72.164424
42.081419,-72.115757
42.081419,-72.06709
42.081419,-72.018423
42.081419,-71.969756
42.081419,-71.921089
42.081419,-71.872422
42.081419,-71.823755
42.081419,-71.775088
42.081419,-71.726421
42.081419,-71.677754
42.081419,-71.629087
42.081419,-71.58042
42.081419,-71.531753
42.081419,-71.483086
42.081419,-71.434419
42.081419,-71.385752
42.081419,-71.337085
42.081419,-71.288418
42.081419,-71.239751
42.081419,-71.191084
42.081419,-71.142417
42.081419,-71.09375
42.081419,-71.045083
42.081419,-70.996416
42.081419,-70.947749
42.081419,-70.899082
42.081419,-70.850415
42.081419,-70.801748
42.081419,-70.753081
42.081419,-70.704414
42.081419,-70.655747
42.045383,-73.381099
42.045383,-73.332432
42.045383,-73.283765
42.045383,-73.235098
42.045383,-73.186431
42.045383,-73.137764
42.045383,-73.089097
42.045383,-73.04043
42.045383,-72.991763
42.045383,-72.943096
42.045383,-72.894429
42.045383,-72.845762
42.045383,-72.797095
42.045383,-72.748428
42.045383,-72.699761
42.045383,-72.651094
42.045383,-72.602427
42.045383,-72.55376
42.045383,-72.505093
42.045383,-72.456426
42.045383,-72.407759
42.045383,-72.359092
42.045383,-72.310425
42.045383,-72.261758
42.045383,-72.213091
42.045383,-72.164424
42.045383,-72.115757
42.045383,-72.06709
42.045383,-72.018423
42.045383,-71.969756
42.045383,-71.921089
42.045383,-71.872422
42.045383,-71.823755
42.045383,-71.775088
42.045383,-71.726421
42.045383,-71.677754
42.045383,-71.629087
42.045383,-71.58042
42.045383,-71.531753
42.045383,-71.483086
42.045383,-71.434419
42.045383,-71.385752
42.045383,-71.337085
42.045383,-71.288418
42.045383,-71.239751
42.045383,-71.191084
42.045383,-71.142417
42.045383,-71.09375
42.045383,-71.045083
42.045383,-70.996416
42.045383,-70.947749
42.045383,-70.899082
42.045383,-70.850415
42.045383,-70.801748
42.045383,-70.753081
42.045383,-70.704414
42.045383,-70.217744
42.045383,-70.12041
42.009347,-72.797095
42.009347,-71.775088
42.009347,-71.726421
42.009347,-71.677754
42.009347,-71.629087
42.009347,-71.58042
42.009347,-71.531753
42.009347,-71.337085
42.009347,-71.288418
42.009347,-71.239751
42.009347,-71.191084
42.009347,-71.142417
42.009347,-71.09375
42.009347,-71.045083
42.009347,-70.996416
42.009347,-70.947749
42.009347,-70.899082
42.009347,-70.850415
42.009347,-70.801748
42.009347,-70.753081
42.009347,-70.704414
42.009347,-70.60708
42.009347,-70.071743
41.973311,-71.337085
41.973311,-71.288418
41.973311,-71.239751
41.973311,-71.191084
41.973311,-71.142417
41.973311,-71.09375
41.973311,-71.045083
41.973311,-70.996416
41.973311,-70.947749
41.973311,-70.899082
41.973311,-70.850415
41.973311,-70.801748
41.973311,-70.753081
41.973311,-70.704414
41.973311,-70.071743
41.973311,-70.023076
41.937275,-71.337085
41.937275,-71.288418
41.937275,-71.239751
41.937275,-71.191084
41.937275,-71.142417
41.937275,-71.09375
41.937275,-71.045083
41.937275,-70.996416
41.937275,-70.947749
41.937275,-70.899082
41.937275,-70.850415
41.937275,-70.801748
41.937275,-70.753081
41.937275,-70.704414
41.937275,-70.655747
41.937275,-70.60708
41.937275,-70.071743
41.937275,-70.023076
41.901239,-71.337085
41.901239,-71.288418
41.901239,-71.239751
41.901239,-71.191084
41.901239,-71.142417
41.901239,-71.09375
41.901239,-71.045083
41.901239,-70.996416
41.901239,-70.947749
41.901239,-70.899082
41.901239,-70.850415
41.901239,-70.801748
41.901239,-70.753081
41.901239,-70.704414
41.901239,-70.655747
41.901239,-70.60708
41.901239,-70.558413
41.901239,-70.071743
41.901239,-69.974409
41.865203,-71.337085
41.865203,-71.288418
41.865203,-71.239751
41.865203,-71.191084
41.865203,-71.142417
41.865203,-71.09375
41.865203,-71.045083
41.865203,-70.996416
41.865203,-70.947749
41.865203,-70.899082
41.865203,-70.850415
41.865203,-70.801748
41.865203,-70.753081
41.865203,-70.704414
41.865203,-70.655747
41.865203,-70.60708
41.865203,-70.558413
41.865203,-69.974409
41.829167,-71.337085
41.829167,-71.288418
41.829167,-71.239751
41.829167,-71.191084
41.829167,-71.142417
41.829167,-71.09375
41.829167,-71.045083
41.829167,-70.996416
41.829167,-70.947749
41.829167,-70.899082
41.829167,-70.850415
41.829167,-70.801748
41.829167,-70.753081
41.829167,-70.704414
41.829167,-70.655747
41.829167,-70.60708
41.829167,-70.558413
41.829167,-69.974409
41.793131,-71.288418
41.793131,-71.239751
41.793131,-71.191084
41.793131,-71.142417
41.793131,-71.09375
41.793131,-71.045083
41.793131,-70.996416
41.793131,-70.947749
41.793131,-70.899082
41.793131,-70.850415
41.793131,-70.801748
41.793131,-70.753081
41.793131,-70.704414
41.793131,-70.655747
41.793131,-70.60708
41.793131,-70.558413
41.793131,-70.023076
41.757095,-71.239751
41.757095,-71.191084
41.757095,-71.142417
41.757095,-71.09375
41.757095,-71.045083
41.757095,-70.996416
41.757095,-70.947749
41.757095,-70.899082
41.757095,-70.850415
41.757095,-70.801748
41.757095,-70.753081
41.757095,-70.704414
41.757095,-70.655747
41.757095,-70.60708
41.757095,-70.558413
41.757095,-70.509746
41.757095,-70.461079
41.757095,-70.12041
41.757095,-70.071743
41.757095,-70.023076
41.757095,-69.974409
41.721059,-71.239751
41.721059,-71.191084
41.721059,-71.142417
41.721059,-71.09375
41.721059,-71.045083
41.721059,-70.996416
41.721059,-70.947749
41.721059,-70.899082
41.721059,-70.850415
41.721059,-70.801748
41.721059,-70.753081
41.721059,-70.655747
41.721059,-70.60708
41.721059,-70.558413
41.721059,-70.509746
41.721059,-70.461079
41.721059,-70.412412
41.721059,-70.363745
41.721059,-70.315078
41.721059,-70.217744
41.721059,-70.169077
41.721059,-70.12041
41.721059,-70.071743
41.721059,-70.023076
41.685023,-71.191084
41.685023,-71.142417
41.685023,-71.09375
41.685023,-71.045083
41.685023,-70.996416
41.685023,-70.947749
41.685023,-70.899082
41.685023,-70.850415
41.685023,-70.801748
41.685023,-70.753081
41.685023,-70.60708
41.685023,-70.558413
41.685023,-70.509746
41.685023,-70.461079
41.685023,-70.412412
41.685023,-70.363745
41.685023,-70.315078
41.685023,-70.266411
41.685023,-70.217744
41.685023,-70.169077
41.685023,-70.12041
41.685023,-70.071743
41.685023,-70.023076
41.685023,-69.974409
41.648987,-71.09375
41.648987,-71.045083
41.648987,-70.996416
41.648987,-70.947749
41.648987,-70.899082
41.648987,-70.850415
41.648987,-70.60708
41.648987,-70.558413
41.648987,-70.509746
41.648987,-70.461079
41.648987,-70.412412
41.648987,-70.363745
41.648987,-70.315078
41.648987,-70.266411
41.648987,-70.217744
41.648987,-70.169077
41.612951,-71.09375
41.612951,-71.045083
41.612951,-70.996416
41.612951,-70.947749
41.612951,-70.60708
41.612951,-70.558413
41.612951,-70.509746
41.612951,-70.461079
41.612951,-70.266411
41.576915,-71.09375
41.576915,-71.045083
41.576915,-70.996416
41.576915,-70.60708
41.576915,-70.558413
41.576915,-70.509746
41.576915,-70.461079
41.540879,-71.09375
41.540879,-71.045083
41.540879,-70.996416
41.540879,-70.947749
41.540879,-70.655747
41.540879,-70.60708
41.504843,-71.045083
41.504843,-70.996416